{
  "IcoMoonType": "selection",
  "icons": [
    {
      "icon": {
        "paths": [
          "M1024 608l-192-192v-288h-128v160l-192-192-512 512v32h128v320h320v-192h128v192h320v-320h128z"
        ],
        "tags": [
          "home",
          "house"
        ],
        "defaultCode": 59650,
        "grid": 16,
        "attrs": []
      },
      "attrs": [],
      "properties": {
        "ligatures": "home3, house3",
        "name": "home3",
        "order": 10,
        "id": 3,
        "prevSize": 32
      },
      "setIdx": 0,
      "setId": 1,
      "iconIdx": 2
    },
    {
      "icon": {
        "paths": [
          "M0 1024h512v-1024h-512v1024zM320 128h128v128h-128v-128zM320 384h128v128h-128v-128zM320 640h128v128h-128v-128zM64 128h128v128h-128v-128zM64 384h128v128h-128v-128zM64 640h128v128h-128v-128zM576 320h448v64h-448zM576 1024h128v-256h192v256h128v-576h-448z"
        ],
        "tags": [
          "office",
          "buildings",
          "work"
        ],
        "defaultCode": 59651,
        "grid": 16,
        "attrs": []
      },
      "attrs": [],
      "properties": {
        "ligatures": "office, buildings",
        "name": "office",
        "order": 11,
        "id": 4,
        "prevSize": 32
      },
      "setIdx": 0,
      "setId": 1,
      "iconIdx": 3
    },
    {
      "icon": {
        "paths": [
          "M512 0c-176.732 0-320 143.268-320 320 0 320 320 704 320 704s320-384 320-704c0-176.732-143.27-320-320-320zM512 512c-106.040 0-192-85.96-192-192s85.96-192 192-192 192 85.96 192 192-85.96 192-192 192z"
        ],
        "tags": [
          "location",
          "map-marker",
          "pin"
        ],
        "defaultCode": 59719,
        "grid": 16,
        "attrs": []
      },
      "attrs": [],
      "properties": {
        "ligatures": "location, map-marker",
        "name": "location",
        "order": 4,
        "id": 72,
        "prevSize": 32
      },
      "setIdx": 0,
      "setId": 1,
      "iconIdx": 71
    },
    {
      "icon": {
        "width": 1152,
        "paths": [
          "M1088 901.166c0 45.5 26.028 84.908 64 104.184v15.938c-10.626 1.454-21.472 2.224-32.5 2.224-68.008 0-129.348-28.528-172.722-74.264-26.222 6.982-54.002 10.752-82.778 10.752-159.058 0-288-114.616-288-256s128.942-256 288-256c159.058 0 288 114.616 288 256 0 55.348-19.764 106.592-53.356 148.466-6.824 14.824-10.644 31.312-10.644 48.7zM512 0c278.458 0 504.992 180.614 511.836 405.52-49.182-21.92-103.586-33.52-159.836-33.52-95.56 0-185.816 33.446-254.138 94.178-70.846 62.972-109.862 147.434-109.862 237.822 0 44.672 9.544 87.888 27.736 127.788-5.228 0.126-10.468 0.212-15.736 0.212-27.156 0-53.81-1.734-79.824-5.044-109.978 109.978-241.25 129.7-368.176 132.596v-26.916c68.536-33.578 128-94.74 128-164.636 0-9.754-0.758-19.33-2.164-28.696-115.796-76.264-189.836-192.754-189.836-323.304 0-229.75 229.23-416 512-416z"
        ],
        "tags": [
          "bubbles",
          "comments",
          "chat",
          "talk"
        ],
        "defaultCode": 59756,
        "grid": 16,
        "attrs": []
      },
      "attrs": [],
      "properties": {
        "ligatures": "bubbles, comments",
        "name": "bubbles",
        "order": 3,
        "id": 109,
        "prevSize": 32
      },
      "setIdx": 0,
      "setId": 1,
      "iconIdx": 108
    },
    {
      "icon": {
        "paths": [
          "M992.262 871.396l-242.552-206.294c-25.074-22.566-51.89-32.926-73.552-31.926 57.256-67.068 91.842-154.078 91.842-249.176 0-212.078-171.922-384-384-384-212.076 0-384 171.922-384 384s171.922 384 384 384c95.098 0 182.108-34.586 249.176-91.844-1 21.662 9.36 48.478 31.926 73.552l206.294 242.552c35.322 39.246 93.022 42.554 128.22 7.356s31.892-92.898-7.354-128.22zM384 640c-141.384 0-256-114.616-256-256s114.616-256 256-256 256 114.616 256 256-114.614 256-256 256z"
        ],
        "tags": [
          "search",
          "magnifier",
          "magnifying-glass",
          "inspect",
          "find"
        ],
        "defaultCode": 59782,
        "grid": 16,
        "attrs": []
      },
      "attrs": [],
      "properties": {
        "ligatures": "search, magnifier",
        "name": "search",
        "order": 8,
        "id": 135,
        "prevSize": 32
      },
      "setIdx": 0,
      "setId": 1,
      "iconIdx": 134
    },
    {
      "icon": {
        "paths": [
          "M192 0v1024l320-320 320 320v-1024z"
        ],
        "tags": [
          "bookmark",
          "ribbon"
        ],
        "defaultCode": 59858,
        "grid": 16,
        "attrs": []
      },
      "attrs": [],
      "properties": {
        "ligatures": "bookmark, ribbon",
        "name": "bookmark",
        "order": 2,
        "id": 211,
        "prevSize": 32
      },
      "setIdx": 0,
      "setId": 1,
      "iconIdx": 210
    },
    {
      "icon": {
        "paths": [
          "M1024 397.050l-353.78-51.408-158.22-320.582-158.216 320.582-353.784 51.408 256 249.538-60.432 352.352 316.432-166.358 316.432 166.358-60.434-352.352 256.002-249.538zM512 753.498l-223.462 117.48 42.676-248.83-180.786-176.222 249.84-36.304 111.732-226.396 111.736 226.396 249.836 36.304-180.788 176.222 42.678 248.83-223.462-117.48z"
        ],
        "tags": [
          "star-empty",
          "rate",
          "star",
          "favorite",
          "bookmark"
        ],
        "defaultCode": 59863,
        "grid": 16,
        "attrs": []
      },
      "attrs": [],
      "properties": {
        "ligatures": "star-empty, rate",
        "name": "star-empty",
        "order": 5,
        "id": 216,
        "prevSize": 32
      },
      "setIdx": 0,
      "setId": 1,
      "iconIdx": 215
    },
    {
      "icon": {
        "paths": [
          "M1024 397.050l-353.78-51.408-158.22-320.582-158.216 320.582-353.784 51.408 256 249.538-60.432 352.352 316.432-166.358 316.432 166.358-60.434-352.352 256.002-249.538z"
        ],
        "tags": [
          "star-full",
          "rate",
          "star",
          "favorite",
          "bookmark"
        ],
        "defaultCode": 59865,
        "grid": 16,
        "attrs": []
      },
      "attrs": [],
      "properties": {
        "ligatures": "star-full, rate3",
        "name": "star-full",
        "order": 9,
        "id": 218,
        "prevSize": 32
      },
      "setIdx": 0,
      "setId": 1,
      "iconIdx": 217
    },
    {
      "icon": {
        "paths": [
          "M512 0c-282.77 0-512 229.23-512 512s229.23 512 512 512 512-229.23 512-512-229.23-512-512-512zM512 928c-229.75 0-416-186.25-416-416s186.25-416 416-416 416 186.25 416 416-186.25 416-416 416z",
          "M354.744 706.744l90.512 90.512 285.254-285.256-285.256-285.254-90.508 90.508 194.744 194.746z"
        ],
        "tags": [
          "circle-right",
          "right",
          "circle-next",
          "arrow"
        ],
        "defaultCode": 59970,
        "grid": 16,
        "attrs": []
      },
      "attrs": [],
      "properties": {
        "ligatures": "circle-right, right5",
        "name": "circle-right",
        "order": 6,
        "id": 323,
        "prevSize": 32
      },
      "setIdx": 0,
      "setId": 1,
      "iconIdx": 322
    },
    {
      "icon": {
        "paths": [
          "M320 128h-128c-35.2 0-64 28.8-64 64v128c0 35.2 28.8 64 64 64h128c35.2 0 64-28.8 64-64v-128c0-35.2-28.8-64-64-64z",
          "M704 384h128c35.2 0 64-28.8 64-64v-128c0-35.2-28.8-64-64-64h-128c-35.2 0-64 28.8-64 64v128c0 35.2 28.8 64 64 64zM704 192h128v128h-128v-128z",
          "M320 640h-128c-35.2 0-64 28.8-64 64v128c0 35.2 28.8 64 64 64h128c35.2 0 64-28.8 64-64v-128c0-35.2-28.8-64-64-64zM320 832h-128v-128h128v128z",
          "M832 640h-128c-35.2 0-64 28.8-64 64v128c0 35.2 28.8 64 64 64h128c35.2 0 64-28.8 64-64v-128c0-35.2-28.8-64-64-64z",
          "M896 512h-64c-85.476 0-165.834-33.286-226.274-93.724-60.44-60.442-93.726-140.802-93.726-226.276v-64c0-70.4-57.6-128-128-128h-256c-70.4 0-128 57.6-128 128v256c0 70.4 57.6 128 128 128h64c85.476 0 165.834 33.286 226.274 93.724 60.44 60.442 93.726 140.802 93.726 226.276v64c0 70.4 57.6 128 128 128h256c70.4 0 128-57.6 128-128v-256c0-70.4-57.6-128-128-128zM960 896c0 16.954-6.696 32.986-18.856 45.144-12.158 12.16-28.19 18.856-45.144 18.856h-256c-16.954 0-32.986-6.696-45.144-18.856-12.16-12.158-18.856-28.19-18.856-45.144v-64c0-212.078-171.922-384-384-384h-64c-16.954 0-32.986-6.696-45.146-18.854-12.158-12.16-18.854-28.192-18.854-45.146v-256c0-16.954 6.696-32.986 18.854-45.146 12.16-12.158 28.192-18.854 45.146-18.854h256c16.954 0 32.986 6.696 45.146 18.854 12.158 12.16 18.854 28.192 18.854 45.146v64c0 212.078 171.922 384 384 384h64c16.954 0 32.986 6.696 45.144 18.856 12.16 12.158 18.856 28.19 18.856 45.144v256z"
        ],
        "tags": [
          "make-group"
        ],
        "defaultCode": 59992,
        "grid": 16,
        "attrs": []
      },
      "attrs": [],
      "properties": {
        "ligatures": "make-group",
        "name": "make-group",
        "order": 7,
        "id": 345,
        "prevSize": 32
      },
      "setIdx": 0,
      "setId": 1,
      "iconIdx": 344
    },
    {
      "icon": {
        "paths": [
          "M928 416c-28.428 0-53.958 12.366-71.536 32h-189.956l134.318-134.318c26.312 1.456 53.11-7.854 73.21-27.956 37.49-37.49 37.49-98.274 0-135.764s-98.274-37.49-135.766 0c-20.102 20.102-29.41 46.898-27.956 73.21l-134.314 134.318v-189.954c19.634-17.578 32-43.108 32-71.536 0-53.020-42.98-96-96-96s-96 42.98-96 96c0 28.428 12.366 53.958 32 71.536v189.954l-134.318-134.318c1.454-26.312-7.856-53.11-27.958-73.21-37.49-37.49-98.274-37.49-135.764 0-37.49 37.492-37.49 98.274 0 135.764 20.102 20.102 46.898 29.412 73.212 27.956l134.32 134.318h-189.956c-17.578-19.634-43.108-32-71.536-32-53.020 0-96 42.98-96 96s42.98 96 96 96c28.428 0 53.958-12.366 71.536-32h189.956l-134.318 134.318c-26.314-1.456-53.11 7.854-73.212 27.956-37.49 37.492-37.49 98.276 0 135.766 37.492 37.49 98.274 37.49 135.764 0 20.102-20.102 29.412-46.898 27.958-73.21l134.316-134.32v189.956c-19.634 17.576-32 43.108-32 71.536 0 53.020 42.98 96 96 96s96-42.98 96-96c0-28.428-12.366-53.958-32-71.536v-189.956l134.318 134.318c-1.456 26.312 7.854 53.11 27.956 73.21 37.492 37.49 98.276 37.49 135.766 0s37.49-98.274 0-135.766c-20.102-20.102-46.898-29.41-73.21-27.956l-134.32-134.316h189.956c17.576 19.634 43.108 32 71.536 32 53.020 0 96-42.98 96-96s-42.982-96-96.002-96z"
        ],
        "tags": [
          "svg"
        ],
        "defaultCode": 60137,
        "grid": 16,
        "attrs": []
      },
      "attrs": [],
      "properties": {
        "ligatures": "svg",
        "name": "svg",
        "order": 12,
        "id": 490,
        "prevSize": 32
      },
      "setIdx": 0,
      "setId": 1,
      "iconIdx": 489
    }
  ],
  "height": 1024,
  "preferences": {
    "showGlyphs": true,
    "showQuickUse": true,
    "showQuickUse2": true,
    "showSVGs": true,
    "fontPref": {
      "prefix": "icon-",
      "metadata": {
        "fontFamily": "icomoon"
      },
      "metrics": {
        "emSize": 1024,
        "baseline": 6.25,
        "whitespace": 50
      },
      "embed": false
    },
    "imagePref": {
      "prefix": "icon-",
      "png": true,
      "useClassSelector": true,
      "color": 0,
      "bgColor": 16777215,
      "classSelector": ".icon",
      "name": "icomoon"
    },
    "historySize": 50,
    "showCodes": true,
    "gridSize": 16
  }
}